"wavfile","trialnr","itemID","word","ppnr","gesturecondition","excelsheet","cross","opmerking"
"59_C4.I.3_formulario_ppn_001_gesture.wav","59","C4.I.3","formulario","001","gesture.wav","001.xlsx",NA,"verkeerde uitspraak gevolgd door goede"
"75_C1.I.4_cardi¢logo_ppn_001_nogesture.wav","75","C1.I.4","cardi¢logo","001","nogesture.wav","001.xlsx",NA,"verspreking gevolgd door deel nieuwe uitspraak, deel lijkt verdwenen"
"81_C1.I.1_an†lisis_ppn_001_nogesture.wav","81","C1.I.1","an†lisis","001","nogesture.wav","001.xlsx",NA,"verspreking, extra lettergreep"
"64_C2.I.2_vacaciones_ppn_002_nogesture.wav","64","C2.I.2","vacaciones","002","nogesture.wav","002.xlsx","x","laatste -s afgesneden"
"65_C2.I.9_radiador_ppn_002_nogesture.wav","65","C2.I.9","radiador","002","nogesture.wav","002.xlsx","x","de -s van het vorige woord, maar niet het nieuwe woord 'radiador' vanaf hier loop alles 1 woord achter"
"93_C4.I.20_insectos_ppn_002_nogesture.wav","93","C4.I.20","insectos","002","nogesture.wav","002.xlsx","x","woord wordt 2x uitgesproken, 2e keer is het vloeiendst"
"102_C1.I.2_cent°metro_ppn_002_nogesture.wav","102","C1.I.2","cent°metro","002","nogesture.wav","002.xlsx","x","aarzeling in woord"
"118_P.C2.2_democracia_ppn_002_nogesture.wav","118","P.C2.2","democracia","002","nogesture.wav","002.xlsx","x","participant stopt de opname omdat ze even moet gaan zitten"
"119_C4.I.17_familia_ppn_002_nogesture.wav","119","C4.I.17","familia","002","nogesture.wav","002.xlsx","x","dit woord wordt niet uitgesproken"
"120_C1.I.17_micr¢fono_ppn_002_nogesture.wav","120","C1.I.17","micr¢fono","002","nogesture.wav","002.xlsx","x","opname gaat verder, maar loopt nog steeds 1 woord achter op annotatie"
"175_C1.I.15_dem¢crata_ppn_002_nogesture.wav","175","C1.I.15","dem¢crata","002","nogesture.wav","002.xlsx","x","woord wordt 2x uitgesproken, 2e keer is het vloeiendst"
"55_C3.I.8_anal°tico_ppn_003_nogesture.wav","55","C3.I.8","anal°tico","003","nogesture.wav","003.xlsx","x","het woord zelf wordt niet uitgesproken binnen het file"
"166_P.C1.2_s°mbolo_ppn_003_gesture.wav","166","P.C1.2","s°mbolo","003","gesture.wav","003.xlsx",NA,"gepraat na woord; checken"
"167_C1.I.3_pir†mide_ppn_003_gesture.wav","167","C1.I.3","pir†mide","003","gesture.wav","003.xlsx","x","woord zelf wordt niet uitgesproken"
"2_P.C2.1_carnaval_ppn_004_gesture.wav","2","P.C2.1","carnaval","004","gesture.wav","004.xlsx",NA,"het vorige woord wordt ook nog een keer uitgesproken, daarna carnaval. Wordt de segmentatie op het juiste woord geplakt?"
"52_C1.I.15_dem¢crata_ppn_004_nogesture.wav","52","C1.I.15","dem¢crata","004","nogesture.wav","004.xlsx",NA,"ze spreekt het woord democracia uit ipv demócrata"
"83_C1.I.4_cardi¢logo_ppn_004_gesture.wav","83","C1.I.4","cardi¢logo","004","gesture.wav","004.xlsx",NA,"ze zegt cardiológico ipv cardiologo"
"110_C1.I.14_cat¢lico_ppn_004_gesture.wav","110","C1.I.14","cat¢lico","004","gesture.wav","004.xlsx",NA,"ze zegt catelogico ipv católico"
"126_C2.I.20_aristocracia_ppn_004_nogesture.wav","126","C2.I.20","aristocracia","004","nogesture.wav","004.xlsx",NA,"twijfel in woord"
"143_P.C2.2_democracia_ppn_004_nogesture.wav","143","P.C2.2","democracia","004","nogesture.wav","004.xlsx",NA,"twijfel in woord"
"191_C2.I.18_alergia_ppn_004_gesture.wav","191","C2.I.18","alergia","004","gesture.wav","004.xlsx",NA,"ze zegt alérgica ipv alergia"
"32_P.C2.3_voleibol_ppn_005_nogesture.wav","32","P.C2.3","voleibol","005","nogesture.wav","005.xlsx",NA,"check verspreking"
"31_C1.I.1_an†lisis_ppn_006_gesture.wav","31","C1.I.1","an†lisis","006","gesture.wav","006.xlsx",NA,"hij zegt analis ipv análisis"
"52_C3.I.16_geogr†fico_ppn_006_nogesture.wav","52","C3.I.16","geogr†fico","006","nogesture.wav","006.xlsx",NA,"hij spreekt het woord twee keer uit en de tweede keer is de vloeiendste, maar die wordt afgekapt en gaat verder in het volgende item"
"128_C2.I.4_ventilador_ppn_006_nogesture.wav","128","C2.I.4","ventilador","006","nogesture.wav","006.xlsx",NA,"hij spreekt het woord twee keer uit en de tweede keer is de vloeiendste, maar die wordt afgekapt en gaat verder in het volgende item"
"1_P.C2.3_voleibol_ppn_007_nogesture.wav","1","P.C2.3","voleibol","007","nogesture.wav","007.xlsx",NA,"lichte twijfeling dus nog een keer uitgesproken, maar dat item is eraf geknipt en meegenomen in item 2. Dus de 2e productie moet geannoteerd worden (in item 2)"
"2_C1.I.5_m†quina_ppn_007_nogesture.wav","2","C1.I.5","m†quina","007","nogesture.wav","007.xlsx",NA,"gaat dit goed?  Want het vorige item wordt hier ook uitgesproken"
"3_C4.I.6_princesa_ppn_007_nogesture.wav","3","C4.I.6","princesa","007","nogesture.wav","007.xlsx",NA,"lichte aarzeling"
"17_P.C3.3_ecolog°a_ppn_007_gesture.wav","17","P.C3.3","ecolog°a","007","gesture.wav","007.xlsx",NA,"aarzeling en spreekt het woord daarna nog een keer uit, maar dat wordt afgekapt"
"18_C1.I.15_dem¢crata_ppn_007_gesture.wav","18","C1.I.15","dem¢crata","007","gesture.wav","007.xlsx",NA,"gaat dit goed?"
"53_C4.I.8_proceso_ppn_007_nogesture.wav","53","C4.I.8","proceso","007","nogesture.wav","007.xlsx",NA,"verlenging door aarzeling"
"59_C2.I.20_aristocracia_ppn_007_nogesture.wav","59","C2.I.20","aristocracia","007","nogesture.wav","007.xlsx",NA,"1e keer met aarzeling dus nog een keer uitgesproken zonder aarzeling maar die wordt afgekapt."
"60_C3.I.20_helic¢ptero_ppn_007_nogesture.wav","60","C3.I.20","helic¢ptero","007","nogesture.wav","007.xlsx",NA,"gaat de annotatie hier dan wel goed?"
"64_C2.I.7_horizonte_ppn_007_gesture.wav","64","C2.I.7","horizonte","007","gesture.wav","007.xlsx",NA,"lichte aarzeling"
"123_C2.I.10_ilustrador_ppn_007_nogesture.wav","123","C2.I.10","ilustrador","007","nogesture.wav","007.xlsx",NA,"hapering, niet gebruiken?"
"146_P.C2.2_democracia_ppn_007_gesture.wav","146","P.C2.2","democracia","007","gesture.wav","007.xlsx",NA,"hapering"
"150_C4.I.10_programa_ppn_007_gesture.wav","150","C4.I.10","programa","007","gesture.wav","007.xlsx",NA,"hapering"
"75_C4.I.8_proceso_ppn_008_nogesture.wav","75","C4.I.8","proceso","008","nogesture.wav","008.xlsx",NA,"zegt eerst prosecco en dan proceso, welk woord wordt geannoteerd?"
"133_C1.I.16_gram¢fono_ppn_008_nogesture.wav","133","C1.I.16","gram¢fono","008","nogesture.wav","008.xlsx",NA,"aarzeling bij eerste keer uitspreken, tweede keer wel correct. Welke is geannoteerd?"
"6_C1.I.19_cat†strofe_ppn_009_nogesture.wav","6","C1.I.19","cat†strofe","009","nogesture.wav","009.xlsx",NA,"lacherig aan het eind van het woord - check textgrid"
"18_C1.I.16_gram¢fono_ppn_009_gesture.wav","18","C1.I.16","gram¢fono","009","gesture.wav","009.xlsx",NA,"korte aarzeling en mompel aan het eind - check textgrid"
"47_C3.I.16_geogr†fico_ppn_009_gesture.wav","47","C3.I.16","geogr†fico","009","gesture.wav","009.xlsx",NA,"aarzeling aan het begin - check textrgrid"
"85_C1.I.14_cat¢lico_ppn_009_nogesture.wav","85","C1.I.14","cat¢lico","009","nogesture.wav","009.xlsx",NA,"gelach aan eind - check textgrid"
"92_C1.I.9_acr¢bata_ppn_009_gesture.wav","92","C1.I.9","acr¢bata","009","gesture.wav","009.xlsx",NA,"zegt acrobatica ipv acrobata, extra lettergreep"
"150_C3.I.20_helic¢ptero_ppn_009_gesture.wav","150","C3.I.20","helic¢ptero","009","gesture.wav","009.xlsx",NA,"begint met wat gelach - check textgrid"
"153_C1.I.3_pir†mide_ppn_009_nogesture.wav","153","C1.I.3","pir†mide","009","nogesture.wav","009.xlsx",NA,"eindigt met gelach - check textgrid"
"182_C1.I.15_dem¢crata_ppn_009_gesture.wav","182","C1.I.15","dem¢crata","009","gesture.wav","009.xlsx",NA,"zegt democracia ipv democrata; is dit een extra lettergreep?"
"183_C2.I.20_aristocracia_ppn_009_gesture.wav","183","C2.I.20","aristocracia","009","gesture.wav","009.xlsx","x","verpsreking en woord zelf zit niet in het file"
"184_P.C2.1_carnaval_ppn_009_gesture.wav","184","P.C2.1","carnaval","009","gesture.wav","009.xlsx",NA,"deel vorige woord en carnaval zitten in 1 file; check of file/textrgrid gesplit moet worden"
"189_C4.I.1_parasol_ppn_009_nogesture.wav","189","C4.I.1","parasol","009","nogesture.wav","009.xlsx",NA,"verspreking; check textgrid"
"21_C1.I.3_pir†mide_ppn_010_nogesture.wav","21","C1.I.3","pir†mide","010","nogesture.wav","010.xlsx",NA,"lichte aarzelling"
"23_C2.I.18_alergia_ppn_010_nogesture.wav","23","C2.I.18","alergia","010","nogesture.wav","010.xlsx",NA,"aarzeling"
"25_C3.I.19_esp†rrago_ppn_010_nogesture.wav","25","C3.I.19","esp†rrago","010","nogesture.wav","010.xlsx",NA,"lichte aarzeling en woord wordt afgekapt en in volgende items verder uitgesproken"
"61_C1.I.4_cardi¢logo_ppn_010_gesture.wav","61","C1.I.4","cardi¢logo","010","gesture.wav","010.xlsx",NA,"twijfel in uitspraak in alle 2 de pogingen, ik zou het item schrappen"
"62_P.C3.3_ecolog°a_ppn_010_gesture.wav","62","P.C3.3","ecolog°a","010","gesture.wav","010.xlsx",NA,"wordt hier het juiste woord geannoteerd? Want de laatste helft van het vorige item is ook nog te horen"
"184_C4.I.10_programa_ppn_010_nogesture.wav","184","C4.I.10","programa","010","nogesture.wav","010.xlsx",NA,"spreekt het woord 3x uit, de laatste keer is het vloeiendst maar die wordt afgekapt en gaat verder in het volgende item"
"185_C3.I.9_c°rculo_ppn_010_nogesture.wav","185","C3.I.9","c°rculo","010","nogesture.wav","010.xlsx",NA,"wordt hier dan wel het juiste woord geannoteerd?"
"4_P.C4.1_mandarina_ppn_011_gesture.wav","4","P.C4.1","mandarina","011","gesture.wav","011.xlsx",NA,"aarzeling, check textgrid"
"9_C1.I.12_ocÇano_ppn_011_nogesture.wav","9","C1.I.12","ocÇano","011","nogesture.wav","011.xlsx",NA,"door aarzelign extra lettergreep?"
"18_C1.I.14_cat¢lico_ppn_011_gesture.wav","18","C1.I.14","cat¢lico","011","gesture.wav","011.xlsx",NA,"aarzeling, woord wordt niet afgemaakt"
"52_C3.I.16_geogr†fico_ppn_011_nogesture.wav","52","C3.I.16","geogr†fico","011","nogesture.wav","011.xlsx",NA,"woord wordt niet afgemaakt; check textgrid"
"53_C4.I.11_ensalada_ppn_011_nogesture.wav","53","C4.I.11","ensalada","011","nogesture.wav","011.xlsx",NA,"deel vorige woord zit in het file plus ensalada - file splitten? Check textgrid"
"55_C2.I.19_farmacia_ppn_011_gesture.wav","55","C2.I.19","farmacia","011","gesture.wav","011.xlsx",NA,"aarzeling, eerste 2 lettergrepen worden herhaald - check textgrid"
"59_C2.I.20_aristocracia_ppn_011_gesture.wav","59","C2.I.20","aristocracia","011","gesture.wav","011.xlsx",NA,"file eindigt voordat het woord eindigt - check textgrid"
"60_C1.I.3_pir†mide_ppn_011_gesture.wav","60","C1.I.3","pir†mide","011","gesture.wav","011.xlsx",NA,"deel vorige woord zit er nog in - plus piramide - file splitten?"
"68_C4.I.8_proceso_ppn_011_nogesture.wav","68","C4.I.8","proceso","011","nogesture.wav","011.xlsx",NA,"aarzeling - check textgrid"
"84_P.C4.3_bailarina_ppn_011_gesture.wav","84","P.C4.3","bailarina","011","gesture.wav","011.xlsx",NA,"aarzeling - check textgrid"
"126_C4.I.12_chocolate_ppn_011_gesture.wav","126","C4.I.12","chocolate","011","gesture.wav","011.xlsx",NA,"kuch aan einde - check textgrid"
"128_C2.I.4_ventilador_ppn_011_nogesture.wav","128","C2.I.4","ventilador","011","nogesture.wav","011.xlsx",NA,"aarzeling, herhaling, woord niet helemaal in file"
"129_C4.I.4_mango_ppn_011_nogesture.wav","129","C4.I.4","mango","011","nogesture.wav","011.xlsx",NA,"file begint met einde vorige woord - check textgrids, files aanpassen?"
"148_C3.I.16_geogr†fico_ppn_011_gesture.wav","148","C3.I.16","geogr†fico","011","gesture.wav","011.xlsx",NA,"aarzeling, herhaling, niet hele woord in file"
"149_C4.I.11_ensalada_ppn_011_gesture.wav","149","C4.I.11","ensalada","011","gesture.wav","011.xlsx",NA,"file begint met einde vorige woord, plus ensalada. Check files en textgrids -splitten?"
"161_C2.I.9_radiador_ppn_011_gesture.wav","161","C2.I.9","radiador","011","gesture.wav","011.xlsx",NA,"aarzeling, herhaling eerste paar lettergrepen - check textgrid"
"7_P.C4.3_bailarina_ppn_013_gesture.wav","7","P.C4.3","bailarina","013","gesture.wav","013.xlsx",NA,"gelach, aarzeling, herhaling - check textgrid"
"8_C4.I.19_centro_ppn_013_gesture.wav","8","C4.I.19","centro","013","gesture.wav","013.xlsx",NA,"gelach en einde vorige woord voor centro - check file en textgrid"
"10_C3.I.20_helic¢ptero_ppn_013_gesture.wav","10","C3.I.20","helic¢ptero","013","gesture.wav","013.xlsx",NA,"lettergreep minder wordt uitgesproken - check textgrid"
"22_C1.I.2_cent°metro_ppn_013_nogesture.wav","22","C1.I.2","cent°metro","013","nogesture.wav","013.xlsx",NA,"herhaling van eerste lettergreep - check textgrid"
"30_C2.I.20_aristocracia_ppn_013_gesture.wav","30","C2.I.20","aristocracia","013","gesture.wav","013.xlsx",NA,"aarzeling, check textgrid"
"49_P.C2.3_voleibol_ppn_013_nogesture.wav","49","P.C2.3","voleibol","013","nogesture.wav","013.xlsx",NA,"aarzeling, check textgrid"
"83_C1.I.4_cardi¢logo_ppn_013_gesture.wav","83","C1.I.4","cardi¢logo","013","gesture.wav","013.xlsx",NA,"verspreking, herhaling, woord niet helemaal in file - check textgrid"
"84_C4.I.21_planeta_ppn_013_gesture.wav","84","C4.I.21","planeta","013","gesture.wav","013.xlsx",NA,"eind vorige woord zit er nog in, daarna pas planeta - check textgrid; files splitten?"
"106_C3.I.20_helic¢ptero_ppn_013_nogesture.wav","106","C3.I.20","helic¢ptero","013","nogesture.wav","013.xlsx",NA,"verspreking - check textgrid"
"113_C4.I.3_formulario_ppn_013_gesture.wav","113","C4.I.3","formulario","013","gesture.wav","013.xlsx",NA,"verspreking, herhaling, niet hele woord zit in file - check textrgrid"
"114_C2.I.17_actor_ppn_013_gesture.wav","114","C2.I.17","actor","013","gesture.wav","013.xlsx",NA,"file begint met einde vorige woord - check textgrid"
"148_C1.I.15_dem¢crata_ppn_013_gesture.wav","148","C1.I.15","dem¢crata","013","gesture.wav","013.xlsx",NA,"extra lettergreep toegevoegd aan het eind? Check textgrid"
"11_C1.I.9_acr¢bata_ppn_014_nogesture.wav","11","C1.I.9","acr¢bata","014","nogesture.wav","014.xlsx",NA,"hapering"
"18_C1.I.14_cat¢lico_ppn_014_gesture.wav","18","C1.I.14","cat¢lico","014","gesture.wav","014.xlsx",NA,"hapering, tweede productie gebruiken"
"29_P.C3.3_ecolog°a_ppn_014_nogesture.wav","29","P.C3.3","ecolog°a","014","nogesture.wav","014.xlsx",NA,"hapering"
"43_C3.I.21_hist¢rico_ppn_014_nogesture.wav","43","C3.I.21","hist¢rico","014","nogesture.wav","014.xlsx",NA,"hapering, tweede uitspraak gebruiken"
"68_C4.I.8_proceso_ppn_014_nogesture.wav","68","C4.I.8","proceso","014","nogesture.wav","014.xlsx",NA,"niet bruikbaar"
"69_C3.I.20_helic¢ptero_ppn_014_nogesture.wav","69","C3.I.20","helic¢ptero","014","nogesture.wav","014.xlsx",NA,"lettergrepen omgewisseld"
"106_C1.I.4_cardi¢logo_ppn_014_gesture.wav","106","C1.I.4","cardi¢logo","014","gesture.wav","014.xlsx",NA,"hapering, niet bruikbaar"
"121_C1.I.7_telÇfono_ppn_014_gesture.wav","121","C1.I.7","telÇfono","014","gesture.wav","014.xlsx",NA,"produceert contrastief accent in verband met voorgaande item dat ook op fono eindigt"
"142_C1.I.16_gram¢fono_ppn_014_gesture.wav","142","C1.I.16","gram¢fono","014","gesture.wav","014.xlsx",NA,"tweede productie gebruiken"
"96_C2.I.20_aristocracia_ppn_015_gesture.wav","96","C2.I.20","aristocracia","015","gesture.wav","015.xlsx",NA,"korte aarzeling - check textgrid"
"10_P.C4.3_bailarina_ppn_016_gesture.wav","10","P.C4.3","bailarina","016","gesture.wav","016.xlsx",NA,"3 lettergrepen uitgesproken ipv 4"
"17_C1.I.7_telÇfono_ppn_016_nogesture.wav","17","C1.I.7","telÇfono","016","nogesture.wav","016.xlsx",NA,"hapering, tweede productie is de beste, maar wordt afgekapt. Deze moet dus opnieuw geknipt worden"
"18_C1.I.6_autom¢vil_ppn_016_nogesture.wav","18","C1.I.6","autom¢vil","016","nogesture.wav","016.xlsx",NA,"wordt hier dan wel het juiste woord geannoteerd?"
"32_P.C2.3_voleibol_ppn_016_nogesture.wav","32","P.C2.3","voleibol","016","nogesture.wav","016.xlsx",NA,"hapering"
"47_C1.I.13_carn°vora_ppn_016_nogesture.wav","47","C1.I.13","carn°vora","016","nogesture.wav","016.xlsx",NA,"hapering, wordt goed geannoteerd?"
"54_C1.I.16_gram¢fono_ppn_016_gesture.wav","54","C1.I.16","gram¢fono","016","gesture.wav","016.xlsx",NA,"hapering, wordt goed geannoteerd?"
"61_C1.I.4_cardi¢logo_ppn_016_gesture.wav","61","C1.I.4","cardi¢logo","016","gesture.wav","016.xlsx",NA,"wordt afgekapt, opnieuw knippen"
"62_P.C3.3_ecolog°a_ppn_016_gesture.wav","62","P.C3.3","ecolog°a","016","gesture.wav","016.xlsx",NA,"gaat de annotatie hier goed?"
"96_C2.I.20_aristocracia_ppn_016_gesture.wav","96","C2.I.20","aristocracia","016","gesture.wav","016.xlsx",NA,"zegt aristocrata ipc aristocracia"
"105_C3.I.8_anal°tico_ppn_016_nogesture.wav","105","C3.I.8","anal°tico","016","nogesture.wav","016.xlsx",NA,"item wordt twee keer uitgesproken, alleen de tweede keer is  vloeiend. Welke wordt geannoteerd?"
"122_C3.I.16_geogr†fico_ppn_016_gesture.wav","122","C3.I.16","geogr†fico","016","gesture.wav","016.xlsx",NA,"item wordt twee keer uitgesproken, alleen de tweede keer is  vloeiend. Welke wordt geannoteerd?"
"157_C1.I.4_cardi¢logo_ppn_016_nogesture.wav","157","C1.I.4","cardi¢logo","016","nogesture.wav","016.xlsx",NA,"lichte hapering"
"158_P.C3.3_ecolog°a_ppn_016_nogesture.wav","158","P.C3.3","ecolog°a","016","nogesture.wav","016.xlsx",NA,"item wordt twee keer uitgesproken, alleen de tweede keer is  vloeiend. Welke wordt geannoteerd?"
"170_C1.I.10_satÇlite_ppn_016_nogesture.wav","170","C1.I.10","satÇlite","016","nogesture.wav","016.xlsx",NA,"item wordt twee keer uitgesproken, alleen de tweede keer is  vloeiend. Welke wordt geannoteerd?"
"1_C3.I.9_c°rculo_ppn_017_gesture.wav","1","C3.I.9","c°rculo","017","gesture.wav","017.xlsx",NA,"eind file stuk herhaling - check textgrid"
"2_C3.I.19_esp†rrago_ppn_017_gesture.wav","2","C3.I.19","esp†rrago","017","gesture.wav","017.xlsx",NA,"begint met einde vorige woord en eindigt metherhaling eerste lettergreep esparrago - check textgrid"
"3_C4.I.16_cabina_ppn_017_gesture.wav","3","C4.I.16","cabina","017","gesture.wav","017.xlsx",NA,"begint met einde herhaling vorige woord, cabina wordt 2 keer gezegd - check textgrid"
"4_P.C4.1_mandarina_ppn_017_gesture.wav","4","P.C4.1","mandarina","017","gesture.wav","017.xlsx",NA,"begint met 'uh' , niet gehele woord in file - check textgrid"
"18_C1.I.14_cat¢lico_ppn_017_gesture.wav","18","C1.I.14","cat¢lico","017","gesture.wav","017.xlsx",NA,"zegt catologa ipv catolico"
"27_P.C2.3_voleibol_ppn_017_nogesture.wav","27","P.C2.3","voleibol","017","nogesture.wav","017.xlsx",NA,"begint met herhaling vorige woord - deze nemen voor vorige file? Check textgrid en splitten"
"32_C2.I.4_ventilador_ppn_017_gesture.wav","32","C2.I.4","ventilador","017","gesture.wav","017.xlsx",NA,"check textgrid - alleen eerste uitspraak nemen"
"33_C4.I.4_mango_ppn_017_gesture.wav","33","C4.I.4","mango","017","gesture.wav","017.xlsx",NA,"file begint met eind herhaling vorige woord - check textgrid"
"47_C3.I.1_br¢coli_ppn_017_nogesture.wav","47","C3.I.1","br¢coli","017","nogesture.wav","017.xlsx",NA,"herhaling/verbetering, tweede uitspraak nemen? Check textgrid"
"52_C3.I.16_geogr†fico_ppn_017_nogesture.wav","52","C3.I.16","geogr†fico","017","nogesture.wav","017.xlsx",NA,"geografia ipv geografico - check textgrid"
"53_C4.I.11_ensalada_ppn_017_nogesture.wav","53","C4.I.11","ensalada","017","nogesture.wav","017.xlsx",NA,"begint met verbeterde uitspraak van vorige woord, gevolgddoor ensalada - checkt textgrid, file splitten?"
"59_C2.I.20_aristocracia_ppn_017_gesture.wav","59","C2.I.20","aristocracia","017","gesture.wav","017.xlsx",NA,"verspreking, niet gehele woord in file - check textgrid"
"72_C1.I.11_gr†fico_ppn_017_nogesture.wav","72","C1.I.11","gr†fico","017","nogesture.wav","017.xlsx",NA,"verspreking, check textgrid"
"73_C3.I.3_c†mara_ppn_017_gesture.wav","73","C3.I.3","c†mara","017","gesture.wav","017.xlsx",NA,"verspreking, check textgrid"
"84_P.C4.3_bailarina_ppn_017_gesture.wav","84","P.C4.3","bailarina","017","gesture.wav","017.xlsx",NA,"verspreking, check textgrid"
"85_C1.I.18_met†fora_ppn_017_nogesture.wav","85","C1.I.18","met†fora","017","nogesture.wav","017.xlsx",NA,"verspreking, check textgrid"
"95_C2.I.10_ilustrador_ppn_017_nogesture.wav","95","C2.I.10","ilustrador","017","nogesture.wav","017.xlsx",NA,"verspreking, check textgrid"
"98_C3.I.19_esp†rrago_ppn_017_nogesture.wav","98","C3.I.19","esp†rrago","017","nogesture.wav","017.xlsx",NA,"verspreking, check textgrid"
"114_C1.I.14_cat¢lico_ppn_017_nogesture.wav","114","C1.I.14","cat¢lico","017","nogesture.wav","017.xlsx",NA,"verspreking, check textgrid"
"143_C3.I.1_br¢coli_ppn_017_gesture.wav","143","C3.I.1","br¢coli","017","gesture.wav","017.xlsx",NA,"verspreking, check textgrid, eerste uitspraak nemen"
"148_C3.I.16_geogr†fico_ppn_017_gesture.wav","148","C3.I.16","geogr†fico","017","gesture.wav","017.xlsx",NA,"zegt geografia ipv geografico"
"155_C2.I.20_aristocracia_ppn_017_nogesture.wav","155","C2.I.20","aristocracia","017","nogesture.wav","017.xlsx",NA,"verspreking, niet hele woord zit in file, check textgrid"
"179_C2.I.15_uniforme_ppn_017_nogesture.wav","179","C2.I.15","uniforme","017","nogesture.wav","017.xlsx",NA,"wordt gehoest tijdens eerste lettergreep, check textgrid"
"180_P.C4.3_bailarina_ppn_017_nogesture.wav","180","P.C4.3","bailarina","017","nogesture.wav","017.xlsx",NA,"verspreking, check textgrid"
"2_C2.I.14_festival_ppn_018_gesture.wav","2","C2.I.14","festival","018","gesture.wav","018.xlsx",NA,"hapering, gaat de annotatie goed?"
"26_C3.I.16_geogr†fico_ppn_018_nogesture.wav","26","C3.I.16","geogr†fico","018","nogesture.wav","018.xlsx",NA,"item wordt twee keer uitgesproken, alleen de tweede keer is  vloeiend maar wordt halverwege afgekapt"
"27_C4.I.9_papel_ppn_018_nogesture.wav","27","C4.I.9","papel","018","nogesture.wav","018.xlsx",NA,"gaat deze annotatie dan wel goed?"
"54_C1.I.16_gram¢fono_ppn_018_gesture.wav","54","C1.I.16","gram¢fono","018","gesture.wav","018.xlsx",NA,"final lengthening door twijfel"
"61_C1.I.4_cardi¢logo_ppn_018_gesture.wav","61","C1.I.4","cardi¢logo","018","gesture.wav","018.xlsx",NA,"item wordt twee keer uitgesproken, alleen de tweede keer is  vloeiend maar wordt afgekapt"
"62_P.C3.3_ecolog°a_ppn_018_gesture.wav","62","P.C3.3","ecolog°a","018","gesture.wav","018.xlsx",NA,"gaat deze annotatie goed?"
"95_C1.I.15_dem¢crata_ppn_018_gesture.wav","95","C1.I.15","dem¢crata","018","gesture.wav","018.xlsx",NA,"item wordt twee keer uitgesproken, alleen de tweede keer is  vloeiend maar wordt afgekapt"
"96_C2.I.20_aristocracia_ppn_018_gesture.wav","96","C2.I.20","aristocracia","018","gesture.wav","018.xlsx",NA,"gaat deze annotatie goed?"
"122_C3.I.16_geogr†fico_ppn_018_gesture.wav","122","C3.I.16","geogr†fico","018","gesture.wav","018.xlsx",NA,"hapering"
"170_C1.I.10_satÇlite_ppn_018_nogesture.wav","170","C1.I.10","satÇlite","018","nogesture.wav","018.xlsx",NA,"hapering"
"192_C2.I.20_aristocracia_ppn_018_nogesture.wav","192","C2.I.20","aristocracia","018","nogesture.wav","018.xlsx",NA,"wordt afgekapt"
"29_P.C3.3_ecolog°a_ppn_019_nogesture.wav","29","P.C3.3","ecolog°a","019","nogesture.wav","019.xlsx",NA,"verspreking, deel van herhaling woord, check textgrid"
"30_C4.I.12_chocolate_ppn_019_nogesture.wav","30","C4.I.12","chocolate","019","nogesture.wav","019.xlsx",NA,"begint met 'sorry' ; check textgrid"
"46_C1.I.16_gram¢fono_ppn_019_nogesture.wav","46","C1.I.16","gram¢fono","019","nogesture.wav","019.xlsx",NA,"verspreking, check textgrid"
"59_C2.I.20_aristocracia_ppn_019_gesture.wav","59","C2.I.20","aristocracia","019","gesture.wav","019.xlsx",NA,"verspreking, check textgrid"
"60_C1.I.3_pir†mide_ppn_019_gesture.wav","60","C1.I.3","pir†mide","019","gesture.wav","019.xlsx",NA,"begint met gelach, check textgrid"
"155_C2.I.20_aristocracia_ppn_019_nogesture.wav","155","C2.I.20","aristocracia","019","nogesture.wav","019.xlsx",NA,"verspreking, check textgrid"
"156_C1.I.3_pir†mide_ppn_019_nogesture.wav","156","C1.I.3","pir†mide","019","nogesture.wav","019.xlsx",NA,"gelach aan begin, check textgrid"
"162_C4.I.9_papel_ppn_019_gesture.wav","162","C4.I.9","papel","019","gesture.wav","019.xlsx",NA,"kuch aan einde, check textgrid"
"1_P.C2.3_voleibol_ppn_020_nogesture.wav","1","P.C2.3","voleibol","020","nogesture.wav","020.xlsx",NA,"trial lijkt een beetje afgekapt"
"53_C4.I.8_proceso_ppn_020_nogesture.wav","53","C4.I.8","proceso","020","nogesture.wav","020.xlsx",NA,"enige verlenging door twijfel"
"59_C2.I.20_aristocracia_ppn_020_nogesture.wav","59","C2.I.20","aristocracia","020","nogesture.wav","020.xlsx",NA,"wordt net een beetje afgekapt"
"85_C2.I.15_uniforme_ppn_020_nogesture.wav","85","C2.I.15","uniforme","020","nogesture.wav","020.xlsx",NA,"lichte hapering, handmatig checken"
"86_C3.I.19_esp†rrago_ppn_020_nogesture.wav","86","C3.I.19","esp†rrago","020","nogesture.wav","020.xlsx",NA,"wordt afgekapt"
"87_C2.I.3_profesor_ppn_020_nogesture.wav","87","C2.I.3","profesor","020","nogesture.wav","020.xlsx",NA,"gaat deze annotatie wel goed?"
"135_C3.I.3_c†mara_ppn_020_gesture.wav","135","C3.I.3","c†mara","020","gesture.wav","020.xlsx",NA,"annotatie checken, ppt lacht"
"2_C2.I.14_festival_ppn_021_gesture.wav","2","C2.I.14","festival","021","gesture.wav","021.xlsx",NA,"verspreking,check textgrid"
"25_C3.I.19_esp†rrago_ppn_021_nogesture.wav","25","C3.I.19","esp†rrago","021","nogesture.wav","021.xlsx",NA,"begin verbetering aan einde file, check textgrid"
"26_C3.I.16_geogr†fico_ppn_021_nogesture.wav","26","C3.I.16","geogr†fico","021","nogesture.wav","021.xlsx",NA,"begint met gelach, check textgrid"
"4_C4.I.8_proceso_ppn_022_gesture.wav","4","C4.I.8","proceso","022","gesture.wav","022.xlsx",NA,"enige verlenging door twijfel"
"23_C2.I.18_alergia_ppn_022_nogesture.wav","23","C2.I.18","alergia","022","nogesture.wav","022.xlsx",NA,"hapering, tweede keer annoteren. Check"
"2_C2.I.14_festival_ppn_023_gesture.wav","2","C2.I.14","festival","023","gesture.wav","023.xlsx","x","woord zelf wordt niet gezegd"
"3_C1.I.8_f¢rmula_ppn_023_gesture.wav","3","C1.I.8","f¢rmula","023","gesture.wav","023.xlsx",NA,"wordt gepraat voordat het woord wordt gezegd; check textgrid"
"7_C4.I.15_blusa_ppn_023_gesture.wav","7","C4.I.15","blusa","023","gesture.wav","023.xlsx",NA,"eerst gemompel voor woord; check textgrid"
"23_C2.I.18_alergia_ppn_023_nogesture.wav","23","C2.I.18","alergia","023","nogesture.wav","023.xlsx",NA,"na woord wordt deel herhaald, check textgrid"
"165_P.C2.2_democracia_ppn_023_nogesture.wav","165","P.C2.2","democracia","023","nogesture.wav","023.xlsx",NA,"verspreking, check textgrid"
"181_C3.I.11_†ngel_ppn_023_nogesture.wav","181","C3.I.11","†ngel","023","nogesture.wav","023.xlsx",NA,"gekuch aan einde, check textgrid"
"1_C3.I.18_rom†ntico_ppn_024_gesture.wav","1","C3.I.18","rom†ntico","024","gesture.wav","024.xlsx",NA,"item wordt afgekapt"
"2_C2.I.14_festival_ppn_024_gesture.wav","2","C2.I.14","festival","024","gesture.wav","024.xlsx",NA,"checken of de annotatie hier dan wel goed gaat"
"3_C1.I.8_f¢rmula_ppn_024_gesture.wav","3","C1.I.8","f¢rmula","024","gesture.wav","024.xlsx",NA,"item wordt afgekapt"
"4_C4.I.8_proceso_ppn_024_gesture.wav","4","C4.I.8","proceso","024","gesture.wav","024.xlsx",NA,"checken of de annotatie hier dan wel goed gaat"
"8_C3.I.6_saxof¢n_ppn_024_gesture.wav","8","C3.I.6","saxof¢n","024","gesture.wav","024.xlsx",NA,"overgeslagen"
"9_C3.I.8_anal°tico_ppn_024_gesture.wav","9","C3.I.8","anal°tico","024","gesture.wav","024.xlsx",NA,"item wordt afgekapt"
"10_P.C4.3_bailarina_ppn_024_gesture.wav","10","P.C4.3","bailarina","024","gesture.wav","024.xlsx",NA,"checken of de annotatie hier dan wel goed gaat"
"23_C2.I.18_alergia_ppn_024_nogesture.wav","23","C2.I.18","alergia","024","nogesture.wav","024.xlsx",NA,"verlenging door twijfel"
"29_P.C4.1_mandarina_ppn_024_nogesture.wav","29","P.C4.1","mandarina","024","nogesture.wav","024.xlsx",NA,"afgekapt en verlenging door twijfel"
"30_C3.I.15_teor°a_ppn_024_nogesture.wav","30","C3.I.15","teor°a","024","nogesture.wav","024.xlsx",NA,"twee keer uitgesproken, wordt de 2e geannoteerd?"
"47_C1.I.13_carn°vora_ppn_024_nogesture.wav","47","C1.I.13","carn°vora","024","nogesture.wav","024.xlsx",NA,"enige verlenging"
"49_C2.I.2_vacaciones_ppn_024_gesture.wav","49","C2.I.2","vacaciones","024","gesture.wav","024.xlsx",NA,"item wordt afgekapt en is niet bruikbaar door lach"
"50_C3.I.5_f£tbol_ppn_024_gesture.wav","50","C3.I.5","f£tbol","024","gesture.wav","024.xlsx",NA,"gaat annotatie hier goed?"
"69_P.C2.2_democracia_ppn_024_gesture.wav","69","P.C2.2","democracia","024","gesture.wav","024.xlsx",NA,"afgekapt en enige verlenging"
"70_C1.I.20_cafeter°a_ppn_024_gesture.wav","70","C1.I.20","cafeter°a","024","gesture.wav","024.xlsx",NA,"gaat annotatie hier goed?"
"85_C3.I.11_†ngel_ppn_024_gesture.wav","85","C3.I.11","†ngel","024","gesture.wav","024.xlsx",NA,"afgekapt"
"86_C1.I.17_micr¢fono_ppn_024_gesture.wav","86","C1.I.17","micr¢fono","024","gesture.wav","024.xlsx",NA,"gaat annotatie hier goed?"
"96_C2.I.20_aristocracia_ppn_024_gesture.wav","96","C2.I.20","aristocracia","024","gesture.wav","024.xlsx",NA,"zegt astocracia ipv aristocracia"
"126_C3.I.15_teor°a_ppn_024_gesture.wav","126","C3.I.15","teor°a","024","gesture.wav","024.xlsx",NA,"hapering, tweede uitspraak is de beste maar is ie bruikbaar?"
"128_P.C2.3_voleibol_ppn_024_gesture.wav","128","P.C2.3","voleibol","024","gesture.wav","024.xlsx",NA,"afgekapt"
"129_C4.I.11_ensalada_ppn_024_gesture.wav","129","C4.I.11","ensalada","024","gesture.wav","024.xlsx",NA,"gaat annotatie hier goed?"
"168_C4.I.13_limonada_ppn_024_nogesture.wav","168","C4.I.13","limonada","024","nogesture.wav","024.xlsx",NA,"verlenging door twijfel"
"181_C3.I.11_†ngel_ppn_024_nogesture.wav","181","C3.I.11","†ngel","024","nogesture.wav","024.xlsx",NA,"verlenging door twijfel"
"192_C2.I.20_aristocracia_ppn_024_nogesture.wav","192","C2.I.20","aristocracia","024","nogesture.wav","024.xlsx",NA,"afgekapt"
"54_C1.I.16_gram¢fono_ppn_025_gesture.wav","54","C1.I.16","gram¢fono","025","gesture.wav","025.xlsx",NA,"herhaling, check textgrid"
"74_C1.I.10_satÇlite_ppn_025_gesture.wav","74","C1.I.10","satÇlite","025","gesture.wav","025.xlsx",NA,"sateliet, dus 1 lettergreep minder, check textgrid"
"189_C1.I.2_cent°metro_ppn_025_nogesture.wav","189","C1.I.2","cent°metro","025","nogesture.wav","025.xlsx",NA,"verspreking, herhaling, check textgrid"
"8_C3.I.6_saxof¢n_ppn_026_gesture.wav","8","C3.I.6","saxof¢n","026","gesture.wav","026.xlsx",NA,"item 2x uitgesproken, 2e moet geannoteerd worden. Checken"
"10_P.C4.3_bailarina_ppn_026_gesture.wav","10","P.C4.3","bailarina","026","gesture.wav","026.xlsx",NA,"spreker verbetert zichzelf maar dat zit in het volgende item. Annotatie aanpassen?"
"11_C2.I.12_error_ppn_026_gesture.wav","11","C2.I.12","error","026","gesture.wav","026.xlsx",NA,"gaat annotatie hier wel goed (omdat er ook bailarina herhaald wordt)"
"32_P.C2.3_voleibol_ppn_026_nogesture.wav","32","P.C2.3","voleibol","026","nogesture.wav","026.xlsx",NA,"verlenging of pauze in woord aanbrengen"
"48_C3.I.20_helic¢ptero_ppn_026_nogesture.wav","48","C3.I.20","helic¢ptero","026","nogesture.wav","026.xlsx",NA,"items wordt 2x uitgesproken, 2e keer annoteren?"
"170_C1.I.10_satÇlite_ppn_026_nogesture.wav","170","C1.I.10","satÇlite","026","nogesture.wav","026.xlsx",NA,"hapering, tweede keer annoteren, maar wordt afgekapt"
"171_P.C2.1_carnaval_ppn_026_nogesture.wav","171","P.C2.1","carnaval","026","nogesture.wav","026.xlsx",NA,"gaat annotatie hier wel goed?"
"187_C1.I.12_ocÇano_ppn_026_nogesture.wav","187","C1.I.12","ocÇano","026","nogesture.wav","026.xlsx",NA,"2x uitgesproken, 2e keer annoteren?"
